{"t": 195.0439453125, "x": 0.006576327607035637, "y": -0.00038479099748656154, "theta": 3.1404106616973877, "left_u": 0.0, "right_u": 0.0}{"t": 195.0830078125, "x": 0.006576327607035637, "y": -0.00038479099748656154, "theta": 3.1404082775115967, "left_u": 0.0, "right_u": 0.0}{"t": 195.1220703125, "x": 0.006576327607035637, "y": -0.00038479099748656154, "theta": 3.1404078006744385, "left_u": 0.0, "right_u": 0.0}{"t": 195.1611328125, "x": 0.006576327607035637, "y": -0.00038479099748656154, "theta": 3.1404075622558594, "left_u": 0.0, "right_u": 0.0}{"t": 195.2001953125, "x": 0.006576327607035637, "y": -0.00038479099748656154, "theta": 3.1404075622558594, "left_u": 0.0, "right_u": 0.0}{"t": 195.2392578125, "x": 0.006576327607035637, "y": -0.00038479099748656154, "theta": 3.1404075622558594, "left_u": 0.0, "right_u": 0.0}{"t": 195.2783203125, "x": 0.006576327607035637, "y": -0.00038479099748656154, "theta": 3.1404075622558594, "left_u": 0.0, "right_u": 0.0}{"t": 195.3173828125, "x": 0.006576327607035637, "y": -0.00038479099748656154, "theta": 3.1404075622558594, "left_u": 0.0, "right_u": 0.0}{"t": 195.3564453125, "x": 0.006576327607035637, "y": -0.00038479099748656154, "theta": 3.1404075622558594, "left_u": 0.0, "right_u": 0.0}{"t": 195.3955078125, "x": 0.006576327607035637, "y": -0.00038479099748656154, "theta": 3.1404075622558594, "left_u": 0.0, "right_u": 0.0}{"t": 195.4345703125, "x": 0.006576327607035637, "y": -0.00038479099748656154, "theta": 3.1404075622558594, "left_u": 0.0, "right_u": 0.0}{"t": 195.4736328125, "x": 0.006576327607035637, "y": -0.00038479099748656154, "theta": 3.1404075622558594, "left_u": 0.0, "right_u": 0.0}{"t": 195.5126953125, "x": 0.006576327607035637, "y": -0.00038479099748656154, "theta": 3.1404075622558594, "left_u": 0.0, "right_u": 0.0}{"t": 195.5517578125, "x": 0.006576327607035637, "y": -0.00038479099748656154, "theta": 3.1404075622558594, "left_u": 0.0, "right_u": 0.0}{"t": 195.5908203125, "x": 0.006576327607035637, "y": -0.00038479099748656154, "theta": 3.1404075622558594, "left_u": 0.0, "right_u": 0.0}{"t": 195.6298828125, "x": 0.006576327607035637, "y": -0.00038479099748656154, "theta": 3.1404075622558594, "left_u": 0.0, "right_u": 0.0}{"t": 195.6689453125, "x": 0.006576327607035637, "y": -0.00038479099748656154, "theta": 3.1404075622558594, "left_u": 0.0, "right_u": 0.0}{"t": 195.7080078125, "x": 0.006576327607035637, "y": -0.00038479099748656154, "theta": 3.1404075622558594, "left_u": 0.0, "right_u": 0.0}{"t": 195.7470703125, "x": 0.006576327607035637, "y": -0.00038479099748656154, "theta": 3.140392303466797, "left_u": 0.0, "right_u": 0.0}{"t": 195.7861328125, "x": 0.006576327607035637, "y": -0.00038479099748656154, "theta": 3.140347480773926, "left_u": 0.0, "right_u": 0.0}{"t": 195.8251953125, "x": 0.006576327607035637, "y": -0.00038479099748656154, "theta": 3.140338182449341, "left_u": 0.0, "right_u": 0.0}{"t": 195.8642578125, "x": 0.006576327607035637, "y": -0.00038479099748656154, "theta": 3.140336036682129, "left_u": 0.0, "right_u": 0.0}{"t": 195.9033203125, "x": 0.006576327607035637, "y": -0.00038479099748656154, "theta": 3.1403355598449707, "left_u": 0.0, "right_u": 0.0}{"t": 195.9423828125, "x": 0.006576327607035637, "y": -0.00038479099748656154, "theta": 3.1403355598449707, "left_u": 0.0, "right_u": 0.0}{"t": 195.9814453125, "x": 0.006576327607035637, "y": -0.00038479099748656154, "theta": 3.1403355598449707, "left_u": 0.0, "right_u": 0.0}{"t": 196.0205078125, "x": 0.006576327607035637, "y": -0.00038479099748656154, "theta": 3.1403355598449707, "left_u": 0.0, "right_u": 0.0}{"t": 196.0595703125, "x": 0.006576327607035637, "y": -0.00038479099748656154, "theta": 3.1403355598449707, "left_u": 0.0, "right_u": 0.0}{"t": 196.0986328125, "x": 0.006576327607035637, "y": -0.00038479099748656154, "theta": 3.1403517723083496, "left_u": 0.0, "right_u": 0.0}{"t": 196.1376953125, "x": 0.006576327607035637, "y": -0.00038479099748656154, "theta": 3.14039945602417, "left_u": 0.0, "right_u": 0.0}{"t": 196.1767578125, "x": 0.006576327607035637, "y": -0.00038479099748656154, "theta": 3.1404097080230713, "left_u": 0.0, "right_u": 0.0}{"t": 196.2158203125, "x": 0.006576327607035637, "y": -0.00038479099748656154, "theta": 3.140411853790283, "left_u": 0.0, "right_u": 0.0}{"t": 196.2548828125, "x": 0.006576327607035637, "y": -0.00038479099748656154, "theta": 3.1403937339782715, "left_u": 0.0, "right_u": 0.0}{"t": 196.2939453125, "x": 0.006576327607035637, "y": -0.00038479099748656154, "theta": 3.140338897705078, "left_u": 0.0, "right_u": 0.0}{"t": 196.3330078125, "x": 0.006576327607035637, "y": -0.00038479099748656154, "theta": 3.1403274536132812, "left_u": 0.0, "right_u": 0.0}{"t": 196.3720703125, "x": 0.006576327607035637, "y": -0.00038479099748656154, "theta": 3.1403250694274902, "left_u": 0.0, "right_u": 0.0}{"t": 196.4111328125, "x": 0.006576327607035637, "y": -0.00038479099748656154, "theta": 3.140324592590332, "left_u": 0.0, "right_u": 0.0}{"t": 196.4501953125, "x": 0.006576327607035637, "y": -0.00038479099748656154, "theta": 3.140324354171753, "left_u": 0.0, "right_u": 0.0}{"t": 196.4892578125, "x": 0.006576327607035637, "y": -0.00038479099748656154, "theta": 3.140324354171753, "left_u": 0.0, "right_u": 0.0}{"t": 196.5283203125, "x": 0.006576327607035637, "y": -0.00038479099748656154, "theta": 3.140324354171753, "left_u": 0.0, "right_u": 0.0}{"t": 196.5673828125, "x": 0.006576327607035637, "y": -0.00038479099748656154, "theta": 3.140324354171753, "left_u": 0.0, "right_u": 0.0}{"t": 196.6064453125, "x": 0.006576327607035637, "y": -0.00038479099748656154, "theta": 3.140324354171753, "left_u": 0.0, "right_u": 0.0}{"t": 196.6455078125, "x": 0.006576327607035637, "y": -0.00038479099748656154, "theta": 3.140324354171753, "left_u": 0.0, "right_u": 0.0}{"t": 196.6845703125, "x": 0.006576327607035637, "y": -0.00038479099748656154, "theta": 3.140324354171753, "left_u": 0.0, "right_u": 0.0}{"t": 196.7236328125, "x": 0.006576327607035637, "y": -0.00038479099748656154, "theta": 3.140324354171753, "left_u": 0.0, "right_u": 0.0}{"t": 196.7626953125, "x": 0.006576327607035637, "y": -0.00038479099748656154, "theta": 3.1403002738952637, "left_u": 0.0, "right_u": 0.0}{"t": 196.8017578125, "x": 0.006576327607035637, "y": -0.00038479099748656154, "theta": 3.140207052230835, "left_u": 0.0, "right_u": 0.0}{"t": 196.8408203125, "x": 0.006576327607035637, "y": -0.00038479099748656154, "theta": 3.140110969543457, "left_u": 0.0, "right_u": 0.0}{"t": 196.8798828125, "x": 0.006576327607035637, "y": -0.00038479099748656154, "theta": 3.1400461196899414, "left_u": 0.0, "right_u": 0.0}{"t": 196.9189453125, "x": 0.006576327607035637, "y": -0.00038479099748656154, "theta": 3.1400322914123535, "left_u": 0.0, "right_u": 0.0}{"t": 196.958984375, "x": 0.006576327607035637, "y": -0.00038479099748656154, "theta": 3.1400294303894043, "left_u": 0.0, "right_u": 0.0}{"t": 196.9970703125, "x": 0.006576327607035637, "y": -0.00038479099748656154, "theta": 3.140028953552246, "left_u": 0.0, "right_u": 0.0}{"t": 197.0361328125, "x": 0.006576327607035637, "y": -0.00038479099748656154, "theta": 3.140028715133667, "left_u": 0.0, "right_u": 0.0}{"t": 197.0751953125, "x": 0.006576327607035637, "y": -0.00038479099748656154, "theta": 3.140028715133667, "left_u": 0.0, "right_u": 0.0}{"t": 197.1142578125, "x": 0.006576327607035637, "y": -0.00038479099748656154, "theta": 3.140028715133667, "left_u": 0.0, "right_u": 0.0}{"t": 197.1533203125, "x": 0.006576327607035637, "y": -0.00038479099748656154, "theta": 3.140028715133667, "left_u": 0.0, "right_u": 0.0}{"t": 197.1923828125, "x": 0.006576327607035637, "y": -0.00038479099748656154, "theta": 3.140028715133667, "left_u": 0.0, "right_u": 0.0}{"t": 197.2314453125, "x": 0.006576327607035637, "y": -0.00038479099748656154, "theta": 3.1400067806243896, "left_u": 0.0, "right_u": 0.0}{"t": 197.2705078125, "x": 0.006576327607035637, "y": -0.00038479099748656154, "theta": 3.139942169189453, "left_u": 0.0, "right_u": 0.0}{"t": 197.3095703125,